{
    "step": 3,
    "epoch": 2.0,
    "train": {
        "loss": 0.14486044645309448
    },
    "eval": {
        "loss": 0.04513867199420929
    },
    "accuracy": 0.9881955981254578
}