{
    "step": 3,
    "epoch": 2.0,
    "train": {
        "loss": 0.14289213716983795
    },
    "eval": {
        "loss": 0.07511524856090546
    },
    "accuracy": 0.9780405163764954
}