{
    "step": 3,
    "epoch": 2.0,
    "train": {
        "loss": 0.10415779799222946
    },
    "eval": {
        "loss": 0.032367076724767685
    },
    "accuracy": 0.9898819327354431
}