{
    "step": 3,
    "epoch": 2.0,
    "train": {
        "loss": 0.12930889427661896
    },
    "eval": {
        "loss": 0.023788634687662125
    },
    "accuracy": 0.9949324131011963
}