{
    "step": 3,
    "epoch": 2.0,
    "train": {
        "loss": 0.3302003741264343
    },
    "eval": {
        "loss": 0.21684160828590393
    },
    "accuracy": 0.9440203309059143
}