{
    "step": 3,
    "epoch": 2.0,
    "train": {
        "loss": 0.12593752145767212
    },
    "eval": {
        "loss": 0.030712110921740532
    },
    "accuracy": 0.9881756901741028
}